"gen","ibd.rate.1","ibd.inter.1","mantel.r.1","mantel.pval.1"
12500,0.0762240953571682,0.414615297819696,0.105912136711465,0.2862
