"gen","ibd.rate.1","ibd.inter.1","mantel.r.1","mantel.pval.1"
12500,0.0611747521264478,0.423306722682793,0.1582351906013,0.2349
